First,Last,Address,Email,Phone,Created,Balance,Last Visit,messages_period,total_balance,last_marketed,opted,id
test,tester,hhhhhhhhhhhhhhhh,gtechmedia840@gmail.com,4703570000,2021-10-19,0.00,2021-10-21 23:33:13.917894+00:00,1,3.00,2021-10-22 04:40:50.705486+00:00,False,147
test,tester,hhhhhhhhhhhhhhhh,gtechmedia840@gmail.com,4703570000,2021-10-19,0.00,2021-10-19 18:24:52.050767+00:00,0,0.00,2021-10-20 21:47:33.243605+00:00,False,148
test,tester,hhhhhhhhhhhhhhhh,gtechmedia840@gmail.com,4703570000,2021-10-19,0.00,2021-10-19 18:24:52.063256+00:00,1,0.00,2021-10-22 04:40:30.084404+00:00,False,149
test,tester,hhhhhhhhhhhhhhhh,gtechmedia840@gmail.com,4703570000,2021-10-19,0.00,2021-10-19 18:24:52.074299+00:00,1,0.00,2021-10-22 04:40:30.178537+00:00,False,150
test,tester,hhhhhhhhhhhhhhhh,gtechmedia840@gmail.com,4703570000,2021-10-19,0.00,2021-10-19 18:24:52.086660+00:00,1,0.00,2021-10-22 04:40:30.272548+00:00,False,151
test,tester,hhhhhhhhhhhhhhhh,gtechmedia840@gmail.com,4703570000,2021-10-19,0.00,2021-10-19 18:24:52.097610+00:00,1,0.00,2021-10-22 04:40:30.432902+00:00,False,152
test,tester,hhhhhhhhhhhhhhhh,gtechmedia840@gmail.com,4703570000,2021-10-19,0.00,2021-10-19 18:24:52.109717+00:00,1,0.00,2021-10-22 04:40:30.528751+00:00,False,153
test,tester,hhhhhhhhhhhhhhhh,gtechmedia840@gmail.com,4703570000,2021-10-19,0.00,2021-10-19 18:24:52.120580+00:00,1,0.00,2021-10-22 04:40:30.627223+00:00,False,154
test,tester,hhhhhhhhhhhhhhhh,gtechmedia840@gmail.com,4703570000,2021-10-19,0.00,2021-10-19 18:24:52.133058+00:00,1,0.00,2021-10-22 04:40:30.726577+00:00,False,155
test,tester,hhhhhhhhhhhhhhhh,gtechmedia840@gmail.com,4703570000,2021-10-19,0.00,2021-10-19 18:24:52.145131+00:00,1,0.00,2021-10-22 04:40:30.822715+00:00,False,156
test,tester,hhhhhhhhhhhhhhhh,gtechmedia840@gmail.com,4703570000,2021-10-19,0.00,2021-10-19 18:24:52.157076+00:00,1,0.00,2021-10-22 04:40:30.927867+00:00,False,157
test,tester,hhhhhhhhhhhhhhhh,gtechmedia840@gmail.com,4703570000,2021-10-19,0.00,2021-10-19 18:24:52.169887+00:00,1,0.00,2021-10-22 04:40:31.012933+00:00,False,158
test,tester,hhhhhhhhhhhhhhhh,gtechmedia840@gmail.com,4703570000,2021-10-19,0.00,2021-10-19 18:24:52.180579+00:00,1,0.00,2021-10-22 04:40:31.116301+00:00,False,159
test,tester,hhhhhhhhhhhhhhhh,gtechmedia840@gmail.com,4703570000,2021-10-19,0.00,2021-10-19 18:24:52.192596+00:00,1,0.00,2021-10-22 04:40:31.227153+00:00,False,160
test,tester,hhhhhhhhhhhhhhhh,gtechmedia840@gmail.com,4703570000,2021-10-19,0.00,2021-10-19 18:24:52.209957+00:00,1,0.00,2021-10-22 04:40:31.332516+00:00,False,161
test,tester,hhhhhhhhhhhhhhhh,gtechmedia840@gmail.com,4703570000,2021-10-19,0.00,2021-10-19 18:24:52.225223+00:00,1,0.00,2021-10-22 04:40:31.430964+00:00,False,162
test,tester,hhhhhhhhhhhhhhhh,gtechmedia840@gmail.com,4703570000,2021-10-19,0.00,2021-10-19 18:24:52.237348+00:00,1,0.00,2021-10-22 04:40:31.521928+00:00,False,163
test,tester,hhhhhhhhhhhhhhhh,gtechmedia840@gmail.com,4703570000,2021-10-19,0.00,2021-10-19 18:24:52.249459+00:00,1,0.00,2021-10-22 04:40:31.617202+00:00,False,164
test,tester,hhhhhhhhhhhhhhhh,gtechmedia840@gmail.com,4703570000,2021-10-19,0.00,2021-10-19 18:24:52.261849+00:00,1,0.00,2021-10-22 04:40:31.716434+00:00,False,165
test,tester,hhhhhhhhhhhhhhhh,gtechmedia840@gmail.com,4703570000,2021-10-19,0.00,2021-10-19 18:24:52.273387+00:00,1,0.00,2021-10-22 04:40:31.816393+00:00,False,166
test,tester,hhhhhhhhhhhhhhhh,gtechmedia840@gmail.com,4703570000,2021-10-19,0.00,2021-10-19 18:24:52.285503+00:00,1,0.00,2021-10-22 04:40:31.914847+00:00,False,167
test,tester,hhhhhhhhhhhhhhhh,gtechmedia840@gmail.com,4703570000,2021-10-19,0.00,2021-10-19 18:24:52.297821+00:00,1,0.00,2021-10-22 04:40:32.017712+00:00,False,168
test,tester,hhhhhhhhhhhhhhhh,gtechmedia840@gmail.com,4703570000,2021-10-19,0.00,2021-10-19 18:24:52.308776+00:00,1,0.00,2021-10-22 04:40:32.116192+00:00,False,169
test,tester,hhhhhhhhhhhhhhhh,gtechmedia840@gmail.com,4703570000,2021-10-19,0.00,2021-10-19 18:24:52.320858+00:00,1,0.00,2021-10-22 04:40:32.214923+00:00,False,170
test,tester,hhhhhhhhhhhhhhhh,gtechmedia840@gmail.com,4703570000,2021-10-19,0.00,2021-10-19 18:24:52.332842+00:00,1,0.00,2021-10-22 04:40:32.325134+00:00,False,171
test,tester,hhhhhhhhhhhhhhhh,gtechmedia840@gmail.com,4703570000,2021-10-19,0.00,2021-10-19 18:24:52.345295+00:00,1,0.00,2021-10-22 04:40:32.416511+00:00,False,172
test,tester,hhhhhhhhhhhhhhhh,gtechmedia840@gmail.com,4703570000,2021-10-19,0.00,2021-10-19 18:24:52.374353+00:00,1,0.00,2021-10-22 04:40:32.512522+00:00,False,173
test,tester,hhhhhhhhhhhhhhhh,gtechmedia840@gmail.com,4703570000,2021-10-19,0.00,2021-10-19 18:24:52.385281+00:00,1,0.00,2021-10-22 04:40:32.608649+00:00,False,174
test,tester,hhhhhhhhhhhhhhhh,gtechmedia840@gmail.com,4703570000,2021-10-19,0.00,2021-10-19 18:24:52.398379+00:00,1,0.00,2021-10-22 04:40:32.710044+00:00,False,175
test,tester,hhhhhhhhhhhhhhhh,gtechmedia840@gmail.com,4703570000,2021-10-19,0.00,2021-10-19 18:24:52.409141+00:00,1,0.00,2021-10-22 04:40:32.805285+00:00,False,176
test,tester,hhhhhhhhhhhhhhhh,gtechmedia840@gmail.com,4703570000,2021-10-19,0.00,2021-10-19 18:24:52.421395+00:00,1,0.00,2021-10-22 04:40:32.901401+00:00,False,177
test,tester,hhhhhhhhhhhhhhhh,gtechmedia840@gmail.com,4703570000,2021-10-19,0.00,2021-10-19 18:24:52.434618+00:00,1,0.00,2021-10-22 04:40:33.003938+00:00,False,178
test,tester,hhhhhhhhhhhhhhhh,gtechmedia840@gmail.com,4703570000,2021-10-19,0.00,2021-10-19 18:24:52.445795+00:00,1,0.00,2021-10-22 04:40:33.098051+00:00,False,179
test,tester,hhhhhhhhhhhhhhhh,gtechmedia840@gmail.com,4703570000,2021-10-19,0.00,2021-10-19 18:24:52.456793+00:00,1,0.00,2021-10-22 04:40:33.201600+00:00,False,180
test,tester,hhhhhhhhhhhhhhhh,gtechmedia840@gmail.com,4703570000,2021-10-19,0.00,2021-10-19 18:24:52.469153+00:00,1,0.00,2021-10-22 04:40:33.309537+00:00,False,181
test,tester,hhhhhhhhhhhhhhhh,gtechmedia840@gmail.com,4703570000,2021-10-19,0.00,2021-10-19 18:24:52.481384+00:00,1,0.00,2021-10-22 04:40:33.409074+00:00,False,182
test,tester,hhhhhhhhhhhhhhhh,gtechmedia840@gmail.com,4703570000,2021-10-19,0.00,2021-10-19 18:24:52.493493+00:00,1,0.00,2021-10-22 04:40:33.499108+00:00,False,183
test,tester,hhhhhhhhhhhhhhhh,gtechmedia840@gmail.com,4703570000,2021-10-19,0.00,2021-10-19 18:24:52.505655+00:00,1,0.00,2021-10-22 04:40:33.598143+00:00,False,184
test,tester,hhhhhhhhhhhhhhhh,gtechmedia840@gmail.com,4703570000,2021-10-19,0.00,2021-10-19 18:24:52.520755+00:00,1,0.00,2021-10-22 04:40:33.703238+00:00,False,185
test,tester,hhhhhhhhhhhhhhhh,gtechmedia840@gmail.com,4703570000,2021-10-19,0.00,2021-10-19 18:24:52.531755+00:00,1,0.00,2021-10-22 04:40:33.799127+00:00,False,186
Giovanni,Milana,ggfgfgfhdhsjs gfgdhsjsj fgh,java115599@gmail.com,4703578182,2021-10-19,1100.04,2021-10-20 19:08:03.757891+00:00,1,1100.04,2021-10-22 04:40:46.533437+00:00,True,187
Giovanni,Milana,hdhdhdhhdhd,java115599@gmail.com,4703578182,2021-10-19,300.00,2021-10-19 20:11:07.157129+00:00,1,300.00,2021-10-22 04:40:33.891787+00:00,False,188
test,tester,hhhhhhhhhhhhhhhh,gtechmedia840@gmail.com,4703570000,2021-10-20,0.00,2021-10-20 17:58:13.402623+00:00,1,0.00,2021-10-22 04:40:33.988755+00:00,False,189
test,tester,hhhhhhhhhhhhhhhh,gtechmedia840@gmail.com,4703570000,2021-10-20,0.00,2021-10-20 17:58:13.422333+00:00,1,0.00,2021-10-22 04:40:34.217520+00:00,False,190
test,tester,hhhhhhhhhhhhhhhh,gtechmedia840@gmail.com,4703570000,2021-10-20,0.00,2021-10-20 17:58:13.437144+00:00,1,0.00,2021-10-22 04:40:34.327032+00:00,False,191
test,tester,hhhhhhhhhhhhhhhh,gtechmedia840@gmail.com,4703570000,2021-10-20,0.00,2021-10-20 17:58:13.451846+00:00,1,0.00,2021-10-22 04:40:34.435212+00:00,False,192
test,tester,hhhhhhhhhhhhhhhh,gtechmedia840@gmail.com,4703570000,2021-10-20,0.00,2021-10-20 17:58:13.464274+00:00,1,0.00,2021-10-22 04:40:34.527628+00:00,False,193
test,tester,hhhhhhhhhhhhhhhh,gtechmedia840@gmail.com,4703570000,2021-10-20,0.00,2021-10-20 17:58:13.476645+00:00,1,0.00,2021-10-22 04:40:34.638285+00:00,False,194
test,tester,hhhhhhhhhhhhhhhh,gtechmedia840@gmail.com,4703570000,2021-10-20,0.00,2021-10-20 17:58:13.490598+00:00,1,0.00,2021-10-22 04:40:34.741909+00:00,False,195
test,tester,hhhhhhhhhhhhhhhh,gtechmedia840@gmail.com,4703570000,2021-10-20,0.00,2021-10-20 17:58:13.503404+00:00,1,0.00,2021-10-22 04:40:34.839155+00:00,False,196
test,tester,hhhhhhhhhhhhhhhh,gtechmedia840@gmail.com,4703570000,2021-10-20,0.00,2021-10-20 17:58:13.515806+00:00,1,0.00,2021-10-22 04:40:34.934927+00:00,False,197
test,tester,hhhhhhhhhhhhhhhh,gtechmedia840@gmail.com,4703570000,2021-10-20,0.00,2021-10-20 17:58:13.528857+00:00,1,0.00,2021-10-22 04:40:35.040071+00:00,False,198
test,tester,hhhhhhhhhhhhhhhh,gtechmedia840@gmail.com,4703570000,2021-10-20,0.00,2021-10-20 17:58:13.546968+00:00,1,0.00,2021-10-22 04:40:35.132348+00:00,False,199
test,tester,hhhhhhhhhhhhhhhh,gtechmedia840@gmail.com,4703570000,2021-10-20,0.00,2021-10-20 17:58:13.559514+00:00,1,0.00,2021-10-22 04:40:35.229907+00:00,False,200
test,tester,hhhhhhhhhhhhhhhh,gtechmedia840@gmail.com,4703570000,2021-10-20,0.00,2021-10-20 17:58:13.572365+00:00,1,0.00,2021-10-22 04:40:35.336057+00:00,False,201
test,tester,hhhhhhhhhhhhhhhh,gtechmedia840@gmail.com,4703570000,2021-10-20,0.00,2021-10-20 17:58:13.584958+00:00,1,0.00,2021-10-22 04:40:35.441537+00:00,False,202
test,tester,hhhhhhhhhhhhhhhh,gtechmedia840@gmail.com,4703570000,2021-10-20,0.00,2021-10-20 17:58:13.596050+00:00,1,0.00,2021-10-22 04:40:35.546809+00:00,False,203
test,tester,hhhhhhhhhhhhhhhh,gtechmedia840@gmail.com,4703570000,2021-10-20,0.00,2021-10-20 17:58:13.608517+00:00,1,0.00,2021-10-22 04:40:35.653408+00:00,False,204
test,tester,hhhhhhhhhhhhhhhh,gtechmedia840@gmail.com,4703570000,2021-10-20,0.00,2021-10-20 17:58:13.622923+00:00,1,0.00,2021-10-22 04:40:35.744831+00:00,False,205
test,tester,hhhhhhhhhhhhhhhh,gtechmedia840@gmail.com,4703570000,2021-10-20,0.00,2021-10-20 17:58:13.634018+00:00,1,0.00,2021-10-22 04:40:35.842476+00:00,False,206
test,tester,hhhhhhhhhhhhhhhh,gtechmedia840@gmail.com,4703570000,2021-10-20,0.00,2021-10-20 17:58:13.668592+00:00,1,0.00,2021-10-22 04:40:35.959342+00:00,False,207
test,tester,hhhhhhhhhhhhhhhh,gtechmedia840@gmail.com,4703570000,2021-10-20,0.00,2021-10-20 17:58:13.680780+00:00,1,0.00,2021-10-22 04:40:36.048210+00:00,False,208
test,tester,hhhhhhhhhhhhhhhh,gtechmedia840@gmail.com,4703570000,2021-10-20,0.00,2021-10-20 17:58:13.702107+00:00,1,0.00,2021-10-22 04:40:36.145715+00:00,False,209
test,tester,hhhhhhhhhhhhhhhh,gtechmedia840@gmail.com,4703570000,2021-10-20,0.00,2021-10-20 17:58:13.713087+00:00,1,0.00,2021-10-22 04:40:36.240208+00:00,False,210
test,tester,hhhhhhhhhhhhhhhh,gtechmedia840@gmail.com,4703570000,2021-10-20,0.00,2021-10-20 17:58:13.723965+00:00,1,0.00,2021-10-22 04:40:36.357215+00:00,False,211
test,tester,hhhhhhhhhhhhhhhh,gtechmedia840@gmail.com,4703570000,2021-10-20,0.00,2021-10-20 17:58:13.739697+00:00,1,0.00,2021-10-22 04:40:36.447416+00:00,False,212
test,tester,hhhhhhhhhhhhhhhh,gtechmedia840@gmail.com,4703570000,2021-10-20,0.00,2021-10-20 17:58:13.756504+00:00,1,0.00,2021-10-22 04:40:36.543787+00:00,False,213
test,tester,hhhhhhhhhhhhhhhh,gtechmedia840@gmail.com,4703570000,2021-10-20,0.00,2021-10-20 17:58:13.778510+00:00,1,0.00,2021-10-22 04:40:36.633158+00:00,False,214
test,tester,hhhhhhhhhhhhhhhh,gtechmedia840@gmail.com,4703570000,2021-10-20,0.00,2021-10-20 17:58:13.797718+00:00,1,0.00,2021-10-22 04:40:36.731099+00:00,False,215
test,tester,hhhhhhhhhhhhhhhh,gtechmedia840@gmail.com,4703570000,2021-10-20,0.00,2021-10-20 17:58:13.819641+00:00,1,0.00,2021-10-22 04:40:36.826722+00:00,False,216
test,tester,hhhhhhhhhhhhhhhh,gtechmedia840@gmail.com,4703570000,2021-10-20,0.00,2021-10-20 17:58:13.833961+00:00,1,0.00,2021-10-22 04:40:36.920167+00:00,False,217
test,tester,hhhhhhhhhhhhhhhh,gtechmedia840@gmail.com,4703570000,2021-10-20,0.00,2021-10-20 17:58:13.845492+00:00,1,0.00,2021-10-22 04:40:37.020756+00:00,False,218
test,tester,hhhhhhhhhhhhhhhh,gtechmedia840@gmail.com,4703570000,2021-10-20,0.00,2021-10-20 17:58:13.856702+00:00,1,0.00,2021-10-22 04:40:37.121855+00:00,False,219
test,tester,hhhhhhhhhhhhhhhh,gtechmedia840@gmail.com,4703570000,2021-10-20,0.00,2021-10-20 17:58:13.869171+00:00,1,0.00,2021-10-22 04:40:37.221461+00:00,False,220
test,tester,hhhhhhhhhhhhhhhh,gtechmedia840@gmail.com,4703570000,2021-10-20,0.00,2021-10-20 17:58:13.880256+00:00,1,0.00,2021-10-22 04:40:37.322063+00:00,False,221
test,tester,hhhhhhhhhhhhhhhh,gtechmedia840@gmail.com,4703570000,2021-10-20,0.00,2021-10-20 17:58:13.893028+00:00,1,0.00,2021-10-22 04:40:37.426697+00:00,False,222
test,tester,hhhhhhhhhhhhhhhh,gtechmedia840@gmail.com,4703570000,2021-10-20,0.00,2021-10-20 17:58:13.906260+00:00,1,0.00,2021-10-22 04:40:37.520951+00:00,False,223
test,tester,hhhhhhhhhhhhhhhh,gtechmedia840@gmail.com,4703570000,2021-10-20,0.00,2021-10-20 17:58:13.922146+00:00,1,0.00,2021-10-22 04:40:37.627871+00:00,False,224
test,tester,hhhhhhhhhhhhhhhh,gtechmedia840@gmail.com,4703570000,2021-10-20,0.00,2021-10-20 17:58:13.933559+00:00,1,0.00,2021-10-22 04:40:37.725839+00:00,False,225
test,tester,hhhhhhhhhhhhhhhh,gtechmedia840@gmail.com,4703570000,2021-10-20,0.00,2021-10-20 17:58:13.944731+00:00,1,0.00,2021-10-22 04:40:37.831716+00:00,False,226
test,tester,hhhhhhhhhhhhhhhh,gtechmedia840@gmail.com,4703570000,2021-10-20,0.00,2021-10-20 17:58:13.956996+00:00,1,0.00,2021-10-22 04:40:37.930036+00:00,False,227
test,tester,hhhhhhhhhhhhhhhh,gtechmedia840@gmail.com,4703570000,2021-10-20,0.00,2021-10-20 17:58:13.968319+00:00,1,0.00,2021-10-22 04:40:38.029452+00:00,False,228
test,tester,hhhhhhhhhhhhhhhh,gtechmedia840@gmail.com,4703570000,2021-10-20,0.00,2021-10-20 17:58:14.511300+00:00,1,0.00,2021-10-22 04:40:38.125538+00:00,False,229
test,tester,hhhhhhhhhhhhhhhh,gtechmedia840@gmail.com,4703570000,2021-10-20,0.00,2021-10-20 17:58:14.527452+00:00,1,0.00,2021-10-22 04:40:38.224209+00:00,False,230
test,tester,hhhhhhhhhhhhhhhh,gtechmedia840@gmail.com,4703570000,2021-10-20,0.00,2021-10-20 17:58:14.540143+00:00,1,0.00,2021-10-22 04:40:38.321944+00:00,False,231
test,tester,hhhhhhhhhhhhhhhh,gtechmedia840@gmail.com,4703570000,2021-10-20,0.00,2021-10-20 17:58:14.557763+00:00,1,0.00,2021-10-22 04:40:38.427689+00:00,False,232
test,tester,hhhhhhhhhhhhhhhh,gtechmedia840@gmail.com,4703570000,2021-10-20,0.00,2021-10-20 17:58:14.568708+00:00,1,0.00,2021-10-22 04:40:38.525766+00:00,False,233
test,tester,hhhhhhhhhhhhhhhh,gtechmedia840@gmail.com,4703570000,2021-10-20,0.00,2021-10-20 17:58:14.580965+00:00,1,0.00,2021-10-22 04:40:38.622864+00:00,False,234
test,tester,hhhhhhhhhhhhhhhh,gtechmedia840@gmail.com,4703570000,2021-10-20,0.00,2021-10-20 17:58:14.592320+00:00,1,0.00,2021-10-22 04:40:38.726398+00:00,False,235
test,tester,hhhhhhhhhhhhhhhh,gtechmedia840@gmail.com,4703570000,2021-10-20,0.00,2021-10-20 17:58:14.604985+00:00,1,0.00,2021-10-22 04:40:38.825124+00:00,False,236
test,tester,hhhhhhhhhhhhhhhh,gtechmedia840@gmail.com,4703570000,2021-10-20,0.00,2021-10-20 17:58:14.616021+00:00,1,0.00,2021-10-22 04:40:38.924013+00:00,False,237
test,tester,hhhhhhhhhhhhhhhh,gtechmedia840@gmail.com,4703570000,2021-10-20,0.00,2021-10-20 17:58:14.628287+00:00,1,0.00,2021-10-22 04:40:39.017145+00:00,False,238
test,tester,hhhhhhhhhhhhhhhh,gtechmedia840@gmail.com,4703570000,2021-10-20,0.00,2021-10-20 17:58:14.642446+00:00,1,0.00,2021-10-22 04:40:39.223297+00:00,False,239
test,tester,hhhhhhhhhhhhhhhh,gtechmedia840@gmail.com,4703570000,2021-10-20,0.00,2021-10-20 17:58:14.653766+00:00,1,0.00,2021-10-22 04:40:39.340904+00:00,False,240
test,tester,hhhhhhhhhhhhhhhh,gtechmedia840@gmail.com,4703570000,2021-10-20,0.00,2021-10-20 17:58:14.664898+00:00,1,0.00,2021-10-22 04:40:39.439369+00:00,False,241
test,tester,hhhhhhhhhhhhhhhh,gtechmedia840@gmail.com,4703570000,2021-10-20,0.00,2021-10-20 17:58:14.683071+00:00,1,0.00,2021-10-22 04:40:39.531905+00:00,False,242
test,tester,hhhhhhhhhhhhhhhh,gtechmedia840@gmail.com,4703570000,2021-10-20,0.00,2021-10-20 17:58:14.697324+00:00,1,0.00,2021-10-22 04:40:39.633400+00:00,False,243
test,tester,hhhhhhhhhhhhhhhh,gtechmedia840@gmail.com,4703570000,2021-10-20,0.00,2021-10-20 17:58:14.708765+00:00,1,0.00,2021-10-22 04:40:39.737454+00:00,False,244
test,tester,hhhhhhhhhhhhhhhh,gtechmedia840@gmail.com,4703570000,2021-10-20,0.00,2021-10-20 17:58:14.723321+00:00,1,0.00,2021-10-22 04:40:39.839531+00:00,False,245
test,tester,hhhhhhhhhhhhhhhh,gtechmedia840@gmail.com,4703570000,2021-10-20,0.00,2021-10-20 17:58:14.736471+00:00,1,0.00,2021-10-22 04:40:39.938961+00:00,False,246
test,tester,hhhhhhhhhhhhhhhh,gtechmedia840@gmail.com,4703570000,2021-10-20,0.00,2021-10-20 17:58:14.749290+00:00,1,0.00,2021-10-22 04:40:40.036162+00:00,False,247
test,tester,hhhhhhhhhhhhhhhh,gtechmedia840@gmail.com,4703570000,2021-10-20,0.00,2021-10-20 17:58:14.761489+00:00,1,0.00,2021-10-22 04:40:40.138664+00:00,False,248
test,tester,hhhhhhhhhhhhhhhh,gtechmedia840@gmail.com,4703570000,2021-10-20,0.00,2021-10-20 17:58:14.772365+00:00,1,0.00,2021-10-22 04:40:40.234435+00:00,False,249
test,tester,hhhhhhhhhhhhhhhh,gtechmedia840@gmail.com,4703570000,2021-10-20,0.00,2021-10-20 17:58:14.784701+00:00,1,0.00,2021-10-22 04:40:40.336235+00:00,False,250
test,tester,hhhhhhhhhhhhhhhh,gtechmedia840@gmail.com,4703570000,2021-10-20,0.00,2021-10-20 17:58:14.797935+00:00,1,0.00,2021-10-22 04:40:40.439615+00:00,False,251
test,tester,hhhhhhhhhhhhhhhh,gtechmedia840@gmail.com,4703570000,2021-10-20,0.00,2021-10-20 17:58:14.809028+00:00,1,0.00,2021-10-22 04:40:40.546111+00:00,False,252
test,tester,hhhhhhhhhhhhhhhh,gtechmedia840@gmail.com,4703570000,2021-10-20,0.00,2021-10-20 17:58:14.820103+00:00,1,0.00,2021-10-22 04:40:40.646462+00:00,False,253
test,tester,hhhhhhhhhhhhhhhh,gtechmedia840@gmail.com,4703570000,2021-10-20,0.00,2021-10-20 17:58:14.832369+00:00,1,0.00,2021-10-22 04:40:40.738793+00:00,False,254
test,tester,hhhhhhhhhhhhhhhh,gtechmedia840@gmail.com,4703570000,2021-10-20,0.00,2021-10-20 17:58:14.844942+00:00,1,0.00,2021-10-22 04:40:40.835881+00:00,False,255
test,tester,hhhhhhhhhhhhhhhh,gtechmedia840@gmail.com,4703570000,2021-10-20,0.00,2021-10-20 17:58:14.857425+00:00,1,0.00,2021-10-22 04:40:40.939303+00:00,False,256
test,tester,hhhhhhhhhhhhhhhh,gtechmedia840@gmail.com,4703570000,2021-10-20,0.00,2021-10-20 17:58:14.869053+00:00,1,0.00,2021-10-22 04:40:41.040632+00:00,False,257
test,tester,hhhhhhhhhhhhhhhh,gtechmedia840@gmail.com,4703570000,2021-10-20,0.00,2021-10-20 17:58:14.880206+00:00,1,0.00,2021-10-22 04:40:41.142027+00:00,False,258
test,tester,hhhhhhhhhhhhhhhh,gtechmedia840@gmail.com,4703570000,2021-10-20,0.00,2021-10-20 17:58:14.892696+00:00,1,0.00,2021-10-22 04:40:41.241069+00:00,False,259
test,tester,hhhhhhhhhhhhhhhh,gtechmedia840@gmail.com,4703570000,2021-10-20,0.00,2021-10-20 17:58:14.909300+00:00,1,0.00,2021-10-22 04:40:41.356094+00:00,False,260
test,tester,hhhhhhhhhhhhhhhh,gtechmedia840@gmail.com,4703570000,2021-10-20,0.00,2021-10-20 17:58:14.920328+00:00,1,0.00,2021-10-22 04:40:41.453715+00:00,False,261
test,tester,hhhhhhhhhhhhhhhh,gtechmedia840@gmail.com,4703570000,2021-10-20,0.00,2021-10-20 17:58:14.932854+00:00,1,0.00,2021-10-22 04:40:41.550720+00:00,False,262
test,tester,hhhhhhhhhhhhhhhh,gtechmedia840@gmail.com,4703570000,2021-10-20,0.00,2021-10-20 17:58:14.945315+00:00,1,0.00,2021-10-22 04:40:41.647551+00:00,False,263
test,tester,hhhhhhhhhhhhhhhh,gtechmedia840@gmail.com,4703570000,2021-10-20,0.00,2021-10-20 17:58:14.957074+00:00,1,0.00,2021-10-22 04:40:41.745183+00:00,False,264
test,tester,hhhhhhhhhhhhhhhh,gtechmedia840@gmail.com,4703570000,2021-10-20,0.00,2021-10-20 17:58:14.968048+00:00,1,0.00,2021-10-22 04:40:41.843680+00:00,False,265
test,tester,hhhhhhhhhhhhhhhh,gtechmedia840@gmail.com,4703570000,2021-10-20,0.00,2021-10-20 17:58:14.980319+00:00,1,0.00,2021-10-22 04:40:41.947684+00:00,False,266
test,tester,hhhhhhhhhhhhhhhh,gtechmedia840@gmail.com,4703570000,2021-10-20,0.00,2021-10-20 17:58:14.998882+00:00,1,0.00,2021-10-22 04:40:42.071825+00:00,False,267
test,tester,hhhhhhhhhhhhhhhh,gtechmedia840@gmail.com,4703570000,2021-10-20,0.00,2021-10-20 17:58:15.009993+00:00,1,0.00,2021-10-22 04:40:42.180196+00:00,False,268
test,tester,hhhhhhhhhhhhhhhh,gtechmedia840@gmail.com,4703570000,2021-10-20,0.00,2021-10-20 17:58:21.243291+00:00,1,0.00,2021-10-22 04:40:42.286040+00:00,False,269
test,tester,hhhhhhhhhhhhhhhh,gtechmedia840@gmail.com,4703570000,2021-10-20,0.00,2021-10-20 17:58:21.260447+00:00,1,0.00,2021-10-22 04:40:42.400468+00:00,False,270
test,tester,hhhhhhhhhhhhhhhh,gtechmedia840@gmail.com,4703570000,2021-10-20,0.00,2021-10-20 17:58:21.272689+00:00,1,0.00,2021-10-22 04:40:42.507831+00:00,False,271
test,tester,hhhhhhhhhhhhhhhh,gtechmedia840@gmail.com,4703570000,2021-10-20,0.00,2021-10-20 17:58:21.285273+00:00,1,0.00,2021-10-22 04:40:42.612103+00:00,False,272
test,tester,hhhhhhhhhhhhhhhh,gtechmedia840@gmail.com,4703570000,2021-10-20,0.00,2021-10-20 17:58:21.300116+00:00,1,0.00,2021-10-22 04:40:42.714149+00:00,False,273
test,tester,hhhhhhhhhhhhhhhh,gtechmedia840@gmail.com,4703570000,2021-10-20,0.00,2021-10-20 17:58:21.312823+00:00,1,0.00,2021-10-22 04:40:42.816331+00:00,False,274
test,tester,hhhhhhhhhhhhhhhh,gtechmedia840@gmail.com,4703570000,2021-10-20,0.00,2021-10-20 17:58:21.325201+00:00,1,0.00,2021-10-22 04:40:42.921380+00:00,False,275
test,tester,hhhhhhhhhhhhhhhh,gtechmedia840@gmail.com,4703570000,2021-10-20,0.00,2021-10-20 17:58:21.336407+00:00,1,0.00,2021-10-22 04:40:43.021758+00:00,False,276
test,tester,hhhhhhhhhhhhhhhh,gtechmedia840@gmail.com,4703570000,2021-10-20,0.00,2021-10-20 17:58:21.348825+00:00,1,0.00,2021-10-22 04:40:43.119609+00:00,False,277
test,tester,hhhhhhhhhhhhhhhh,gtechmedia840@gmail.com,4703570000,2021-10-20,0.00,2021-10-20 17:58:21.362463+00:00,1,0.00,2021-10-22 04:40:43.228928+00:00,False,278
test,tester,hhhhhhhhhhhhhhhh,gtechmedia840@gmail.com,4703570000,2021-10-20,0.00,2021-10-20 17:58:21.374756+00:00,1,0.00,2021-10-22 04:40:43.331346+00:00,False,279
test,tester,hhhhhhhhhhhhhhhh,gtechmedia840@gmail.com,4703570000,2021-10-20,0.00,2021-10-20 17:58:21.388237+00:00,1,0.00,2021-10-22 04:40:43.428810+00:00,False,280
test,tester,hhhhhhhhhhhhhhhh,gtechmedia840@gmail.com,4703570000,2021-10-20,0.00,2021-10-20 17:58:21.400865+00:00,1,0.00,2021-10-22 04:40:43.528734+00:00,False,281
test,tester,hhhhhhhhhhhhhhhh,gtechmedia840@gmail.com,4703570000,2021-10-20,0.00,2021-10-20 17:58:21.413084+00:00,1,0.00,2021-10-22 04:40:43.646072+00:00,False,282
test,tester,hhhhhhhhhhhhhhhh,gtechmedia840@gmail.com,4703570000,2021-10-20,0.00,2021-10-20 17:58:21.427665+00:00,1,0.00,2021-10-22 04:40:43.748532+00:00,False,283
test,tester,hhhhhhhhhhhhhhhh,gtechmedia840@gmail.com,4703570000,2021-10-20,0.00,2021-10-20 17:58:21.440636+00:00,1,0.00,2021-10-22 04:40:43.844709+00:00,False,284
test,tester,hhhhhhhhhhhhhhhh,gtechmedia840@gmail.com,4703570000,2021-10-20,0.00,2021-10-20 17:58:21.454038+00:00,1,0.00,2021-10-22 04:40:43.944178+00:00,False,285
test,tester,hhhhhhhhhhhhhhhh,gtechmedia840@gmail.com,4703570000,2021-10-20,0.00,2021-10-20 17:58:21.464904+00:00,1,0.00,2021-10-22 04:40:44.045289+00:00,False,286
test,tester,hhhhhhhhhhhhhhhh,gtechmedia840@gmail.com,4703570000,2021-10-20,0.00,2021-10-20 17:58:21.477037+00:00,1,0.00,2021-10-22 04:40:44.147948+00:00,False,287
test,tester,hhhhhhhhhhhhhhhh,gtechmedia840@gmail.com,4703570000,2021-10-20,0.00,2021-10-20 17:58:21.488076+00:00,1,0.00,2021-10-22 04:40:44.244413+00:00,False,288
test,tester,hhhhhhhhhhhhhhhh,gtechmedia840@gmail.com,4703570000,2021-10-20,0.00,2021-10-20 17:58:21.501152+00:00,1,0.00,2021-10-22 04:40:44.347482+00:00,False,289
test,tester,hhhhhhhhhhhhhhhh,gtechmedia840@gmail.com,4703570000,2021-10-20,0.00,2021-10-20 17:58:21.512156+00:00,1,0.00,2021-10-22 04:40:44.446719+00:00,False,290
test,tester,hhhhhhhhhhhhhhhh,gtechmedia840@gmail.com,4703570000,2021-10-20,0.00,2021-10-20 17:58:21.524336+00:00,1,0.00,2021-10-22 04:40:44.543781+00:00,False,291
test,tester,hhhhhhhhhhhhhhhh,gtechmedia840@gmail.com,4703570000,2021-10-20,0.00,2021-10-20 17:58:21.536550+00:00,1,0.00,2021-10-22 04:40:44.647823+00:00,False,292
test,tester,hhhhhhhhhhhhhhhh,gtechmedia840@gmail.com,4703570000,2021-10-20,0.00,2021-10-20 17:58:21.558317+00:00,1,0.00,2021-10-22 04:40:44.825687+00:00,False,293
test,tester,hhhhhhhhhhhhhhhh,gtechmedia840@gmail.com,4703570000,2021-10-20,0.00,2021-10-20 17:58:21.572850+00:00,1,0.00,2021-10-22 04:40:44.926816+00:00,False,294
test,tester,hhhhhhhhhhhhhhhh,gtechmedia840@gmail.com,4703570000,2021-10-20,0.00,2021-10-20 17:58:21.584270+00:00,1,0.00,2021-10-22 04:40:45.033047+00:00,False,295
test,tester,hhhhhhhhhhhhhhhh,gtechmedia840@gmail.com,4703570000,2021-10-20,0.00,2021-10-20 17:58:21.596770+00:00,1,0.00,2021-10-22 04:40:45.132256+00:00,False,296
test,tester,hhhhhhhhhhhhhhhh,gtechmedia840@gmail.com,4703570000,2021-10-20,0.00,2021-10-20 17:58:21.609101+00:00,1,0.00,2021-10-22 04:40:45.231623+00:00,False,297
test,tester,hhhhhhhhhhhhhhhh,gtechmedia840@gmail.com,4703570000,2021-10-20,0.00,2021-10-20 17:58:21.620188+00:00,1,0.00,2021-10-22 04:40:45.348846+00:00,False,298
test,tester,hhhhhhhhhhhhhhhh,gtechmedia840@gmail.com,4703570000,2021-10-20,0.00,2021-10-20 17:58:21.632481+00:00,1,0.00,2021-10-22 04:40:45.436629+00:00,False,299
test,tester,hhhhhhhhhhhhhhhh,gtechmedia840@gmail.com,4703570000,2021-10-20,0.00,2021-10-20 17:58:21.646652+00:00,1,0.00,2021-10-22 04:40:45.540186+00:00,False,300
test,tester,hhhhhhhhhhhhhhhh,gtechmedia840@gmail.com,4703570000,2021-10-20,0.00,2021-10-20 17:58:21.661033+00:00,1,0.00,2021-10-22 04:40:45.638951+00:00,False,301
test,tester,hhhhhhhhhhhhhhhh,gtechmedia840@gmail.com,4703570000,2021-10-20,0.00,2021-10-20 17:58:21.687298+00:00,1,0.00,2021-10-22 04:40:45.736925+00:00,False,302
test,tester,hhhhhhhhhhhhhhhh,gtechmedia840@gmail.com,4703570000,2021-10-20,0.00,2021-10-20 17:58:21.705597+00:00,1,0.00,2021-10-22 04:40:45.832654+00:00,False,303
test,tester,hhhhhhhhhhhhhhhh,gtechmedia840@gmail.com,4703570000,2021-10-20,0.00,2021-10-20 17:58:21.732670+00:00,1,0.00,2021-10-22 04:40:45.935710+00:00,False,304
test,tester,hhhhhhhhhhhhhhhh,gtechmedia840@gmail.com,4703570000,2021-10-20,0.00,2021-10-20 17:58:21.755671+00:00,1,0.00,2021-10-22 04:40:46.035169+00:00,False,305
test,tester,hhhhhhhhhhhhhhhh,gtechmedia840@gmail.com,4703570000,2021-10-20,0.00,2021-10-20 17:58:21.772394+00:00,1,0.00,2021-10-22 04:40:46.133223+00:00,False,306
test,tester,hhhhhhhhhhhhhhhh,gtechmedia840@gmail.com,4703570000,2021-10-20,0.00,2021-10-20 17:58:21.789808+00:00,1,0.00,2021-10-22 04:40:46.231898+00:00,False,307
test,tester,hhhhhhhhhhhhhhhh,gtechmedia840@gmail.com,4703570000,2021-10-20,0.00,2021-10-20 17:58:21.809372+00:00,1,0.00,2021-10-22 04:40:46.341364+00:00,False,308
giovanni,milana,ffsffsfsfsf,java115599@gmail.com,4703578182,2021-10-20,600.00,2021-10-20 19:01:16.148772+00:00,1,600.00,2021-10-22 04:40:46.435601+00:00,False,309
gio,gio,sdfghjhgfdsdfghj,gio@gmail.co,4703578182,2021-10-20,3000.00,2021-10-20 19:10:37.452029+00:00,1,3000.00,2021-10-22 04:40:46.635050+00:00,False,310
test,tester,hhhhhhhhhhhhhhhh,gtechmedia840@gmail.com,4703570000,2021-10-20,0.00,2021-10-20 19:18:03.660290+00:00,1,0.00,2021-10-22 04:40:46.731946+00:00,False,311
test,tester,hhhhhhhhhhhhhhhh,gtechmedia840@gmail.com,4703570000,2021-10-20,0.00,2021-10-20 19:18:03.677161+00:00,1,0.00,2021-10-22 04:40:46.833288+00:00,False,312
test,tester,hhhhhhhhhhhhhhhh,gtechmedia840@gmail.com,4703570000,2021-10-20,0.00,2021-10-20 19:18:03.691626+00:00,1,0.00,2021-10-22 04:40:46.940397+00:00,False,313
test,tester,hhhhhhhhhhhhhhhh,gtechmedia840@gmail.com,4703570000,2021-10-20,0.00,2021-10-20 19:18:03.704091+00:00,1,0.00,2021-10-22 04:40:47.035242+00:00,False,314
test,tester,hhhhhhhhhhhhhhhh,gtechmedia840@gmail.com,4703570000,2021-10-20,0.00,2021-10-20 19:18:03.715457+00:00,1,0.00,2021-10-22 04:40:47.133255+00:00,False,315
test,tester,hhhhhhhhhhhhhhhh,gtechmedia840@gmail.com,4703570000,2021-10-20,0.00,2021-10-20 19:18:03.727900+00:00,1,0.00,2021-10-22 04:40:47.233429+00:00,False,316
test,tester,hhhhhhhhhhhhhhhh,gtechmedia840@gmail.com,4703570000,2021-10-20,0.00,2021-10-20 19:18:03.743162+00:00,1,0.00,2021-10-22 04:40:47.336040+00:00,False,317
test,tester,hhhhhhhhhhhhhhhh,gtechmedia840@gmail.com,4703570000,2021-10-20,0.00,2021-10-20 19:18:03.755659+00:00,1,0.00,2021-10-22 04:40:47.432860+00:00,False,318
test,tester,hhhhhhhhhhhhhhhh,gtechmedia840@gmail.com,4703570000,2021-10-20,0.00,2021-10-20 19:18:03.768041+00:00,1,0.00,2021-10-22 04:40:47.540767+00:00,False,319
test,tester,hhhhhhhhhhhhhhhh,gtechmedia840@gmail.com,4703570000,2021-10-20,0.00,2021-10-20 19:18:03.783192+00:00,1,0.00,2021-10-22 04:40:47.639245+00:00,False,320
test,tester,hhhhhhhhhhhhhhhh,gtechmedia840@gmail.com,4703570000,2021-10-20,0.00,2021-10-20 19:18:03.795401+00:00,1,0.00,2021-10-22 04:40:47.733263+00:00,False,321
test,tester,hhhhhhhhhhhhhhhh,gtechmedia840@gmail.com,4703570000,2021-10-20,0.00,2021-10-20 19:18:03.807784+00:00,1,0.00,2021-10-22 04:40:47.833140+00:00,False,322
test,tester,hhhhhhhhhhhhhhhh,gtechmedia840@gmail.com,4703570000,2021-10-20,0.00,2021-10-20 19:18:03.820408+00:00,1,0.00,2021-10-22 04:40:47.934881+00:00,False,323
test,tester,hhhhhhhhhhhhhhhh,gtechmedia840@gmail.com,4703570000,2021-10-20,0.00,2021-10-20 19:18:03.831299+00:00,1,0.00,2021-10-22 04:40:48.034268+00:00,False,324
test,tester,hhhhhhhhhhhhhhhh,gtechmedia840@gmail.com,4703570000,2021-10-20,0.00,2021-10-20 19:18:03.843573+00:00,1,0.00,2021-10-22 04:40:48.137181+00:00,False,325
test,tester,hhhhhhhhhhhhhhhh,gtechmedia840@gmail.com,4703570000,2021-10-20,0.00,2021-10-20 19:18:03.855940+00:00,1,0.00,2021-10-22 04:40:48.227602+00:00,False,326
test,tester,hhhhhhhhhhhhhhhh,gtechmedia840@gmail.com,4703570000,2021-10-20,0.00,2021-10-20 19:18:03.868519+00:00,1,0.00,2021-10-22 04:40:48.340419+00:00,False,327
test,tester,hhhhhhhhhhhhhhhh,gtechmedia840@gmail.com,4703570000,2021-10-20,0.00,2021-10-20 19:18:03.880411+00:00,1,0.00,2021-10-22 04:40:48.431291+00:00,False,328
test,tester,hhhhhhhhhhhhhhhh,gtechmedia840@gmail.com,4703570000,2021-10-20,0.00,2021-10-20 19:18:03.916444+00:00,1,0.00,2021-10-22 04:40:48.527940+00:00,False,329
test,tester,hhhhhhhhhhhhhhhh,gtechmedia840@gmail.com,4703570000,2021-10-20,0.00,2021-10-20 19:18:03.927753+00:00,1,0.00,2021-10-22 04:40:48.625008+00:00,False,330
test,tester,hhhhhhhhhhhhhhhh,gtechmedia840@gmail.com,4703570000,2021-10-20,0.00,2021-10-20 19:18:03.940175+00:00,1,0.00,2021-10-22 04:40:48.717635+00:00,False,331
test,tester,hhhhhhhhhhhhhhhh,gtechmedia840@gmail.com,4703570000,2021-10-20,0.00,2021-10-20 19:18:03.952806+00:00,1,0.00,2021-10-22 04:40:48.815143+00:00,False,332
test,tester,hhhhhhhhhhhhhhhh,gtechmedia840@gmail.com,4703570000,2021-10-20,0.00,2021-10-20 19:18:03.983036+00:00,1,0.00,2021-10-22 04:40:48.907379+00:00,False,333
test,tester,hhhhhhhhhhhhhhhh,gtechmedia840@gmail.com,4703570000,2021-10-20,0.00,2021-10-20 19:18:03.996615+00:00,1,0.00,2021-10-22 04:40:49.001918+00:00,False,334
test,tester,hhhhhhhhhhhhhhhh,gtechmedia840@gmail.com,4703570000,2021-10-20,0.00,2021-10-20 19:18:04.008035+00:00,1,0.00,2021-10-22 04:40:49.100608+00:00,False,335
test,tester,hhhhhhhhhhhhhhhh,gtechmedia840@gmail.com,4703570000,2021-10-20,0.00,2021-10-20 19:18:04.019267+00:00,1,0.00,2021-10-22 04:40:49.198576+00:00,False,336
test,tester,hhhhhhhhhhhhhhhh,gtechmedia840@gmail.com,4703570000,2021-10-20,0.00,2021-10-20 19:18:04.031500+00:00,1,0.00,2021-10-22 04:40:49.303984+00:00,False,337
test,tester,hhhhhhhhhhhhhhhh,gtechmedia840@gmail.com,4703570000,2021-10-20,0.00,2021-10-20 19:18:04.044172+00:00,1,0.00,2021-10-22 04:40:49.397886+00:00,False,338
test,tester,hhhhhhhhhhhhhhhh,gtechmedia840@gmail.com,4703570000,2021-10-20,0.00,2021-10-20 19:18:04.057272+00:00,1,0.00,2021-10-22 04:40:49.494435+00:00,False,339
test,tester,hhhhhhhhhhhhhhhh,gtechmedia840@gmail.com,4703570000,2021-10-20,0.00,2021-10-20 19:18:04.068880+00:00,1,0.00,2021-10-22 04:40:49.596860+00:00,False,340
test,tester,hhhhhhhhhhhhhhhh,gtechmedia840@gmail.com,4703570000,2021-10-20,0.00,2021-10-20 19:18:04.079907+00:00,1,0.00,2021-10-22 04:40:49.702130+00:00,False,341
test,tester,hhhhhhhhhhhhhhhh,gtechmedia840@gmail.com,4703570000,2021-10-20,0.00,2021-10-20 19:18:04.092190+00:00,1,0.00,2021-10-22 04:40:49.798356+00:00,False,342
test,tester,hhhhhhhhhhhhhhhh,gtechmedia840@gmail.com,4703570000,2021-10-20,0.00,2021-10-20 19:18:04.103420+00:00,1,0.00,2021-10-22 04:40:49.892079+00:00,False,343
test,tester,hhhhhhhhhhhhhhhh,gtechmedia840@gmail.com,4703570000,2021-10-20,0.00,2021-10-20 19:18:04.115671+00:00,1,0.00,2021-10-22 04:40:49.997685+00:00,False,344
test,tester,hhhhhhhhhhhhhhhh,gtechmedia840@gmail.com,4703570000,2021-10-20,0.00,2021-10-20 19:18:04.127839+00:00,1,0.00,2021-10-22 04:40:50.096115+00:00,False,345
test,tester,hhhhhhhhhhhhhhhh,gtechmedia840@gmail.com,4703570000,2021-10-20,0.00,2021-10-20 19:18:04.144524+00:00,1,0.00,2021-10-22 04:40:50.192723+00:00,False,346
test,tester,hhhhhhhhhhhhhhhh,gtechmedia840@gmail.com,4703570000,2021-10-20,0.00,2021-10-20 19:18:04.155608+00:00,1,0.00,2021-10-22 04:40:50.307548+00:00,False,347
test,tester,hhhhhhhhhhhhhhhh,gtechmedia840@gmail.com,4703570000,2021-10-20,0.00,2021-10-20 19:18:04.168035+00:00,1,0.00,2021-10-22 04:40:50.406203+00:00,False,348
test,tester,hhhhhhhhhhhhhhhh,gtechmedia840@gmail.com,4703570000,2021-10-20,0.00,2021-10-20 19:18:04.180447+00:00,1,0.00,2021-10-22 04:40:50.504236+00:00,False,349
test,tester,hhhhhhhhhhhhhhhh,gtechmedia840@gmail.com,4703570000,2021-10-20,0.00,2021-10-20 19:18:04.201187+00:00,1,0.00,2021-10-22 04:40:50.604529+00:00,False,350
test,tester,hhhhhhhhhhhhhhhh,gtechmedia840@gmail.com,4703570000,2021-10-22,0.00,2021-10-22 04:22:15.415785+00:00,1,0.00,2021-10-22 04:40:50.813594+00:00,False,351
test,tester,hhhhhhhhhhhhhhhh,gtechmedia840@gmail.com,4703570000,2021-10-22,0.00,2021-10-22 04:22:15.430776+00:00,1,0.00,2021-10-22 04:40:50.916090+00:00,False,352
test,tester,hhhhhhhhhhhhhhhh,gtechmedia840@gmail.com,4703570000,2021-10-22,0.00,2021-10-22 04:22:15.445107+00:00,1,0.00,2021-10-22 04:40:51.020581+00:00,False,353
test,tester,hhhhhhhhhhhhhhhh,gtechmedia840@gmail.com,4703570000,2021-10-22,0.00,2021-10-22 04:22:15.459856+00:00,1,0.00,2021-10-22 04:40:51.126265+00:00,False,354
test,tester,hhhhhhhhhhhhhhhh,gtechmedia840@gmail.com,4703570000,2021-10-22,0.00,2021-10-22 04:22:15.472248+00:00,1,0.00,2021-10-22 04:40:51.222353+00:00,False,355
test,tester,hhhhhhhhhhhhhhhh,gtechmedia840@gmail.com,4703570000,2021-10-22,0.00,2021-10-22 04:22:15.484400+00:00,1,0.00,2021-10-22 04:40:51.329299+00:00,False,356
test,tester,hhhhhhhhhhhhhhhh,gtechmedia840@gmail.com,4703570000,2021-10-22,0.00,2021-10-22 04:22:15.497021+00:00,1,0.00,2021-10-22 04:40:51.424270+00:00,False,357
test,tester,hhhhhhhhhhhhhhhh,gtechmedia840@gmail.com,4703570000,2021-10-22,0.00,2021-10-22 04:22:15.508111+00:00,1,0.00,2021-10-22 04:40:51.520853+00:00,False,358
test,tester,hhhhhhhhhhhhhhhh,gtechmedia840@gmail.com,4703570000,2021-10-22,0.00,2021-10-22 04:22:15.520431+00:00,1,0.00,2021-10-22 04:40:51.632020+00:00,False,359
test,tester,hhhhhhhhhhhhhhhh,gtechmedia840@gmail.com,4703570000,2021-10-22,0.00,2021-10-22 04:22:15.553437+00:00,1,0.00,2021-10-22 04:40:51.741783+00:00,False,360
test,tester,hhhhhhhhhhhhhhhh,gtechmedia840@gmail.com,4703570000,2021-10-22,0.00,2021-10-22 04:22:15.564801+00:00,1,0.00,2021-10-22 04:40:51.844224+00:00,False,361
test,tester,hhhhhhhhhhhhhhhh,gtechmedia840@gmail.com,4703570000,2021-10-22,0.00,2021-10-22 04:22:15.576213+00:00,1,0.00,2021-10-22 04:40:51.941324+00:00,False,362
test,tester,hhhhhhhhhhhhhhhh,gtechmedia840@gmail.com,4703570000,2021-10-22,0.00,2021-10-22 04:22:15.588545+00:00,1,0.00,2021-10-22 04:40:52.039848+00:00,False,363
test,tester,hhhhhhhhhhhhhhhh,gtechmedia840@gmail.com,4703570000,2021-10-22,0.00,2021-10-22 04:22:15.600935+00:00,1,0.00,2021-10-22 04:40:52.142412+00:00,False,364
test,tester,hhhhhhhhhhhhhhhh,gtechmedia840@gmail.com,4703570000,2021-10-22,0.00,2021-10-22 04:22:15.620351+00:00,1,0.00,2021-10-22 04:40:52.244944+00:00,False,365
test,tester,hhhhhhhhhhhhhhhh,gtechmedia840@gmail.com,4703570000,2021-10-22,0.00,2021-10-22 04:22:15.632790+00:00,1,0.00,2021-10-22 04:40:52.354574+00:00,False,366
test,tester,hhhhhhhhhhhhhhhh,gtechmedia840@gmail.com,4703570000,2021-10-22,0.00,2021-10-22 04:22:15.643799+00:00,1,0.00,2021-10-22 04:40:52.449198+00:00,False,367
test,tester,hhhhhhhhhhhhhhhh,gtechmedia840@gmail.com,4703570000,2021-10-22,0.00,2021-10-22 04:22:15.655978+00:00,1,0.00,2021-10-22 04:40:52.549283+00:00,False,368
test,tester,hhhhhhhhhhhhhhhh,gtechmedia840@gmail.com,4703570000,2021-10-22,0.00,2021-10-22 04:22:15.668099+00:00,1,0.00,2021-10-22 04:40:52.654615+00:00,False,369
test,tester,hhhhhhhhhhhhhhhh,gtechmedia840@gmail.com,4703570000,2021-10-22,0.00,2021-10-22 04:22:15.680559+00:00,1,0.00,2021-10-22 04:40:52.756491+00:00,False,370
test,tester,hhhhhhhhhhhhhhhh,gtechmedia840@gmail.com,4703570000,2021-10-22,0.00,2021-10-22 04:22:15.691514+00:00,1,0.00,2021-10-22 04:40:52.856256+00:00,False,371
test,tester,hhhhhhhhhhhhhhhh,gtechmedia840@gmail.com,4703570000,2021-10-22,0.00,2021-10-22 04:22:15.703759+00:00,1,0.00,2021-10-22 04:40:52.957107+00:00,False,372
test,tester,hhhhhhhhhhhhhhhh,gtechmedia840@gmail.com,4703570000,2021-10-22,0.00,2021-10-22 04:22:15.716379+00:00,1,0.00,2021-10-22 04:40:53.052770+00:00,False,373
test,tester,hhhhhhhhhhhhhhhh,gtechmedia840@gmail.com,4703570000,2021-10-22,0.00,2021-10-22 04:22:15.728308+00:00,1,0.00,2021-10-22 04:40:53.154263+00:00,False,374
test,tester,hhhhhhhhhhhhhhhh,gtechmedia840@gmail.com,4703570000,2021-10-22,0.00,2021-10-22 04:22:15.743448+00:00,1,0.00,2021-10-22 04:40:53.256655+00:00,False,375
test,tester,hhhhhhhhhhhhhhhh,gtechmedia840@gmail.com,4703570000,2021-10-22,0.00,2021-10-22 04:22:15.755936+00:00,1,0.00,2021-10-22 04:40:53.367352+00:00,False,376
test,tester,hhhhhhhhhhhhhhhh,gtechmedia840@gmail.com,4703570000,2021-10-22,0.00,2021-10-22 04:22:15.775566+00:00,1,0.00,2021-10-22 04:40:53.474891+00:00,False,377
test,tester,hhhhhhhhhhhhhhhh,gtechmedia840@gmail.com,4703570000,2021-10-22,0.00,2021-10-22 04:22:15.792056+00:00,1,0.00,2021-10-22 04:40:53.574913+00:00,False,378
test,tester,hhhhhhhhhhhhhhhh,gtechmedia840@gmail.com,4703570000,2021-10-22,0.00,2021-10-22 04:22:15.804469+00:00,1,0.00,2021-10-22 04:40:53.674238+00:00,False,379
test,tester,hhhhhhhhhhhhhhhh,gtechmedia840@gmail.com,4703570000,2021-10-22,0.00,2021-10-22 04:22:15.817488+00:00,1,0.00,2021-10-22 04:40:53.782580+00:00,False,380
test,tester,hhhhhhhhhhhhhhhh,gtechmedia840@gmail.com,4703570000,2021-10-22,0.00,2021-10-22 04:22:15.828388+00:00,1,0.00,2021-10-22 04:40:53.892946+00:00,False,381
test,tester,hhhhhhhhhhhhhhhh,gtechmedia840@gmail.com,4703570000,2021-10-22,0.00,2021-10-22 04:22:15.839515+00:00,1,0.00,2021-10-22 04:40:53.994321+00:00,False,382
test,tester,hhhhhhhhhhhhhhhh,gtechmedia840@gmail.com,4703570000,2021-10-22,0.00,2021-10-22 04:22:15.851805+00:00,1,0.00,2021-10-22 04:40:54.087017+00:00,False,383
test,tester,hhhhhhhhhhhhhhhh,gtechmedia840@gmail.com,4703570000,2021-10-22,0.00,2021-10-22 04:22:15.864354+00:00,1,0.00,2021-10-22 04:40:54.187625+00:00,False,384
test,tester,hhhhhhhhhhhhhhhh,gtechmedia840@gmail.com,4703570000,2021-10-22,0.00,2021-10-22 04:22:15.876738+00:00,1,0.00,2021-10-22 04:40:54.290335+00:00,False,385
test,tester,hhhhhhhhhhhhhhhh,gtechmedia840@gmail.com,4703570000,2021-10-22,0.00,2021-10-22 04:22:15.887691+00:00,1,0.00,2021-10-22 04:40:54.391745+00:00,False,386
test,tester,hhhhhhhhhhhhhhhh,gtechmedia840@gmail.com,4703570000,2021-10-22,0.00,2021-10-22 04:22:15.902831+00:00,1,0.00,2021-10-22 04:40:54.488402+00:00,False,387
test,tester,hhhhhhhhhhhhhhhh,gtechmedia840@gmail.com,4703570000,2021-10-22,0.00,2021-10-22 04:22:15.915335+00:00,1,0.00,2021-10-22 04:40:54.579571+00:00,False,388
test,tester,hhhhhhhhhhhhhhhh,gtechmedia840@gmail.com,4703570000,2021-10-22,0.00,2021-10-22 04:22:15.927596+00:00,1,0.00,2021-10-22 04:40:54.677150+00:00,False,389
test,tester,hhhhhhhhhhhhhhhh,gtechmedia840@gmail.com,4703570000,2021-10-22,0.00,2021-10-22 04:22:15.947186+00:00,1,0.00,2021-10-22 04:40:54.774205+00:00,False,390
test,tester,hhhhhhhhhhhhhhhh,gtechmedia840@gmail.com,4703570000,2021-10-22,0.00,2021-10-22 04:22:20.077791+00:00,1,0.00,2021-10-22 04:40:54.867560+00:00,False,391
test,tester,hhhhhhhhhhhhhhhh,gtechmedia840@gmail.com,4703570000,2021-10-22,0.00,2021-10-22 04:22:20.092683+00:00,1,0.00,2021-10-22 04:40:54.973253+00:00,False,392
test,tester,hhhhhhhhhhhhhhhh,gtechmedia840@gmail.com,4703570000,2021-10-22,0.00,2021-10-22 04:22:20.104346+00:00,1,0.00,2021-10-22 04:40:55.073873+00:00,False,393
test,tester,hhhhhhhhhhhhhhhh,gtechmedia840@gmail.com,4703570000,2021-10-22,0.00,2021-10-22 04:22:20.116837+00:00,1,0.00,2021-10-22 04:40:55.173398+00:00,False,394
test,tester,hhhhhhhhhhhhhhhh,gtechmedia840@gmail.com,4703570000,2021-10-22,0.00,2021-10-22 04:22:20.128556+00:00,1,0.00,2021-10-22 04:40:55.269338+00:00,False,395
test,tester,hhhhhhhhhhhhhhhh,gtechmedia840@gmail.com,4703570000,2021-10-22,0.00,2021-10-22 04:22:20.139986+00:00,1,0.00,2021-10-22 04:40:55.370995+00:00,False,396
test,tester,hhhhhhhhhhhhhhhh,gtechmedia840@gmail.com,4703570000,2021-10-22,0.00,2021-10-22 04:22:20.155986+00:00,1,0.00,2021-10-22 04:40:55.469718+00:00,False,397
test,tester,hhhhhhhhhhhhhhhh,gtechmedia840@gmail.com,4703570000,2021-10-22,0.00,2021-10-22 04:22:20.169473+00:00,1,0.00,2021-10-22 04:40:55.563400+00:00,False,398
test,tester,hhhhhhhhhhhhhhhh,gtechmedia840@gmail.com,4703570000,2021-10-22,0.00,2021-10-22 04:22:20.184346+00:00,1,0.00,2021-10-22 04:40:55.655252+00:00,False,399
test,tester,hhhhhhhhhhhhhhhh,gtechmedia840@gmail.com,4703570000,2021-10-22,0.00,2021-10-22 04:22:20.203755+00:00,1,0.00,2021-10-22 04:40:55.752652+00:00,False,400
test,tester,hhhhhhhhhhhhhhhh,gtechmedia840@gmail.com,4703570000,2021-10-22,0.00,2021-10-22 04:22:20.218828+00:00,1,0.00,2021-10-22 04:40:55.860065+00:00,False,401
test,tester,hhhhhhhhhhhhhhhh,gtechmedia840@gmail.com,4703570000,2021-10-22,0.00,2021-10-22 04:22:20.231730+00:00,1,0.00,2021-10-22 04:40:55.951326+00:00,False,402
test,tester,hhhhhhhhhhhhhhhh,gtechmedia840@gmail.com,4703570000,2021-10-22,0.00,2021-10-22 04:22:20.245326+00:00,1,0.00,2021-10-22 04:40:56.050768+00:00,False,403
test,tester,hhhhhhhhhhhhhhhh,gtechmedia840@gmail.com,4703570000,2021-10-22,0.00,2021-10-22 04:22:20.256689+00:00,1,0.00,2021-10-22 04:40:56.141749+00:00,False,404
test,tester,hhhhhhhhhhhhhhhh,gtechmedia840@gmail.com,4703570000,2021-10-22,0.00,2021-10-22 04:22:20.268705+00:00,1,0.00,2021-10-22 04:40:56.246247+00:00,False,405
test,tester,hhhhhhhhhhhhhhhh,gtechmedia840@gmail.com,4703570000,2021-10-22,0.00,2021-10-22 04:22:20.280222+00:00,1,0.00,2021-10-22 04:40:56.355114+00:00,False,406
test,tester,hhhhhhhhhhhhhhhh,gtechmedia840@gmail.com,4703570000,2021-10-22,0.00,2021-10-22 04:22:20.291780+00:00,1,0.00,2021-10-22 04:40:56.451409+00:00,False,407
test,tester,hhhhhhhhhhhhhhhh,gtechmedia840@gmail.com,4703570000,2021-10-22,0.00,2021-10-22 04:22:20.304406+00:00,1,0.00,2021-10-22 04:40:56.549806+00:00,False,408
test,tester,hhhhhhhhhhhhhhhh,gtechmedia840@gmail.com,4703570000,2021-10-22,0.00,2021-10-22 04:22:20.315778+00:00,1,0.00,2021-10-22 04:40:56.652134+00:00,False,409
test,tester,hhhhhhhhhhhhhhhh,gtechmedia840@gmail.com,4703570000,2021-10-22,0.00,2021-10-22 04:22:20.328354+00:00,1,0.00,2021-10-22 04:40:56.762792+00:00,False,410
test,tester,hhhhhhhhhhhhhhhh,gtechmedia840@gmail.com,4703570000,2021-10-22,0.00,2021-10-22 04:22:20.340660+00:00,1,0.00,2021-10-22 04:40:56.868213+00:00,False,411
test,tester,hhhhhhhhhhhhhhhh,gtechmedia840@gmail.com,4703570000,2021-10-22,0.00,2021-10-22 04:22:20.355052+00:00,1,0.00,2021-10-22 04:40:56.962681+00:00,False,412
test,tester,hhhhhhhhhhhhhhhh,gtechmedia840@gmail.com,4703570000,2021-10-22,0.00,2021-10-22 04:22:20.371916+00:00,1,0.00,2021-10-22 04:40:57.063965+00:00,False,413
test,tester,hhhhhhhhhhhhhhhh,gtechmedia840@gmail.com,4703570000,2021-10-22,0.00,2021-10-22 04:22:20.389411+00:00,1,0.00,2021-10-22 04:40:57.157147+00:00,False,414
test,tester,hhhhhhhhhhhhhhhh,gtechmedia840@gmail.com,4703570000,2021-10-22,0.00,2021-10-22 04:22:20.400723+00:00,1,0.00,2021-10-22 04:40:57.255216+00:00,False,415
test,tester,hhhhhhhhhhhhhhhh,gtechmedia840@gmail.com,4703570000,2021-10-22,0.00,2021-10-22 04:22:20.411926+00:00,1,0.00,2021-10-22 04:40:57.365736+00:00,False,416
test,tester,hhhhhhhhhhhhhhhh,gtechmedia840@gmail.com,4703570000,2021-10-22,0.00,2021-10-22 04:22:20.424346+00:00,1,0.00,2021-10-22 04:40:57.471998+00:00,False,417
test,tester,hhhhhhhhhhhhhhhh,gtechmedia840@gmail.com,4703570000,2021-10-22,0.00,2021-10-22 04:22:20.436306+00:00,1,0.00,2021-10-22 04:40:57.566104+00:00,False,418
test,tester,hhhhhhhhhhhhhhhh,gtechmedia840@gmail.com,4703570000,2021-10-22,0.00,2021-10-22 04:22:20.448716+00:00,1,0.00,2021-10-22 04:40:57.660192+00:00,False,419
test,tester,hhhhhhhhhhhhhhhh,gtechmedia840@gmail.com,4703570000,2021-10-22,0.00,2021-10-22 04:22:20.460663+00:00,1,0.00,2021-10-22 04:40:57.760839+00:00,False,420
test,tester,hhhhhhhhhhhhhhhh,gtechmedia840@gmail.com,4703570000,2021-10-22,0.00,2021-10-22 04:22:20.471716+00:00,1,0.00,2021-10-22 04:40:57.858840+00:00,False,421
test,tester,hhhhhhhhhhhhhhhh,gtechmedia840@gmail.com,4703570000,2021-10-22,0.00,2021-10-22 04:22:20.484285+00:00,1,0.00,2021-10-22 04:40:57.966549+00:00,False,422
test,tester,hhhhhhhhhhhhhhhh,gtechmedia840@gmail.com,4703570000,2021-10-22,0.00,2021-10-22 04:22:20.496774+00:00,1,0.00,2021-10-22 04:40:58.065546+00:00,False,423
test,tester,hhhhhhhhhhhhhhhh,gtechmedia840@gmail.com,4703570000,2021-10-22,0.00,2021-10-22 04:22:20.528622+00:00,1,0.00,2021-10-22 04:40:58.164908+00:00,False,424
test,tester,hhhhhhhhhhhhhhhh,gtechmedia840@gmail.com,4703570000,2021-10-22,0.00,2021-10-22 04:22:20.540548+00:00,1,0.00,2021-10-22 04:40:58.259938+00:00,False,425
test,tester,hhhhhhhhhhhhhhhh,gtechmedia840@gmail.com,4703570000,2021-10-22,0.00,2021-10-22 04:22:20.555918+00:00,1,0.00,2021-10-22 04:40:58.366843+00:00,False,426
test,tester,hhhhhhhhhhhhhhhh,gtechmedia840@gmail.com,4703570000,2021-10-22,0.00,2021-10-22 04:22:20.575195+00:00,1,0.00,2021-10-22 04:40:58.462321+00:00,False,427
test,tester,hhhhhhhhhhhhhhhh,gtechmedia840@gmail.com,4703570000,2021-10-22,0.00,2021-10-22 04:22:20.588511+00:00,1,0.00,2021-10-22 04:40:58.566880+00:00,False,428
test,tester,hhhhhhhhhhhhhhhh,gtechmedia840@gmail.com,4703570000,2021-10-22,0.00,2021-10-22 04:22:20.600104+00:00,0,0.00,2021-10-22 04:22:20.606064+00:00,False,429
test,tester,hhhhhhhhhhhhhhhh,gtechmedia840@gmail.com,4703570000,2021-10-22,0.00,2021-10-22 04:22:20.612685+00:00,0,0.00,2021-10-22 04:22:20.618874+00:00,False,430
